uuid,total_amount,amount_withdraw,fees,currency,status,address,createdAt,reason,transactionHash,external_trxn_hash
384,4747,4647,100,tro,pending,0xf4A5B1274D69a02C6CF0A021e4dc70188137Ba64,Mon Nov 08 2021 19:35:07 GMT+0000 (Coordinated Universal Time),'',0b304582b52b5be4f4452745f89fcf9a3a8ff1613aae19c2c9d316e6728f05f6,''
3335,50250,50150,100,tro,pending,0x575B9C47231Db4A62E0F9f811d4E95D55b2D9727,Tue Nov 09 2021 17:40:56 GMT+0000 (Coordinated Universal Time),'',4b436bb8516c78420bcb798aedde2fa3158038cc9b835959bdc2d7b81fa1f512,''
3362,50250,50150,100,tro,pending,0x8D0a1007DFd670a1056a369122c987EB7f0d93fE,Tue Nov 09 2021 17:44:14 GMT+0000 (Coordinated Universal Time),'',d7dd4172a0de136724ed564db288f4ccd901878d481e60c6deffdf9e4f1fe50f,''
3338,50250,50150,100,tro,pending,0x85252472304396d3874963189ceEb651C0c4DC8e,Tue Nov 09 2021 18:22:38 GMT+0000 (Coordinated Universal Time),'',9552a471c5b4c08ca88d8d40c1910a49e7415a4b7e8821f0675a99690d585dfd,''
3336,50250,50150,100,tro,pending,0xb5Fc7E406F21d7458852DC56EDF024BD5507a4F6,Tue Nov 09 2021 18:49:07 GMT+0000 (Coordinated Universal Time),'',c60fafaec77fff7097978120582e07583f877b90935d91e1df76ae9b6f2902b7,''
3328,50250,50150,100,tro,pending,0x01F20300DA98781Ec4b423156ba9dd25916c24Fb,Tue Nov 09 2021 18:52:49 GMT+0000 (Coordinated Universal Time),'',3152c668eb623088bf3e034b50e1a32e0b0d361c0e005cdd2479cd1b97d41fc0,''
402,23753,23653,100,tro,pending,0xe1776fDe53B74dC5a93d564247506e1B2fE86b69,Tue Nov 09 2021 19:23:39 GMT+0000 (Coordinated Universal Time),'',189a81c35bd4416bdc2b14287543b8df791445d5f6662db2c475eed60faff56a,''
3221,70250,70150,100,tro,pending,0x8192b40Bf43937CCf0DE684Ca4cf2390E6E7a2eF,Tue Nov 09 2021 20:13:23 GMT+0000 (Coordinated Universal Time),'',d80e6d011b243ad846550f671b6168208c7383d0026efbaa0328d90538c24d98,''
1925290,179800,179700,100,tro,pending,0xC3dBe2E5BdDFA8819821e7A83C8C0e760AC22E5d,Wed Nov 10 2021 02:24:53 GMT+0000 (Coordinated Universal Time),'',250d65c3cbf6864be501a93534c8454a7e6d37b71df5105f2e0c9b444320546c,''
1933046,99999,99899,100,tro,pending,0x46255aB904b202313A0B9BaDC5e361F0c28B5308,Wed Nov 10 2021 13:52:22 GMT+0000 (Coordinated Universal Time),'',c9259c3a624bff510459ae8bd1deafdee6221b7febe465fec7075d36066ed404,''
1922511,11327,11227,100,tro,pending,0xc3e1671BB597Be85324CBE5311dC44C959C5183F,Wed Nov 10 2021 20:01:47 GMT+0000 (Coordinated Universal Time),'',6ee2701441384b9a043d37b0e4e3f0b719d17790491744447aafbfa62c11cc3b,''
3589,1100,1000,100,tro,pending,0x37b0f1245b498A7C5095be0Fc6C2599fb3A629d3,Sat Nov 27 2021 10:20:19 GMT+0000 (Coordinated Universal Time),'',319b95423300f02c933b84e2fd18fbea4781c8c5fbbce0443215235b7220b7de,''
1682750,3808,3708,100,tro,pending,0xD9a26a84E196595507DD28Fe76d1C90fBE727b9a,Mon Nov 29 2021 02:18:07 GMT+0000 (Coordinated Universal Time),'',238eedd5ce942c44794efbaf1fbc681c98bfb68cefae089f0e641f0e9edbe68b,''
3261,1100,1000,100,tro,pending,0x5FA5708178959dc3024B58eB8Ec973eE32364519,Tue Nov 30 2021 09:09:39 GMT+0000 (Coordinated Universal Time),'',74fc2026e22216a1c3798d73247c12dcdd7ecb0d18ceb3c0ba7a71b9d5c7a8e9,''
1925393,90250,90150,100,tro,pending,0x947aCFD310b9262F23eD0FA7F7437C2116335adA,Thu Dec 02 2021 02:01:41 GMT+0000 (Coordinated Universal Time),'',4c5a4262e09d16a33fb335ae8faeefcb84955149f190469e9f6f816b53e14c14,''
